1_x,6_x,7_x,8_x,9_x,10_x,11_x,12_x,13_x,14_x,15_x,16_x,17_x,1_y,6_y,7_y,8_y,9_y,10_y,11_y,12_y,13_y,14_y,15_y,16_y,17_y,Y
0.45993716,0.44845474,0.46799928,0.57740635,0.57523555,0.5645448,0.562109,0.47198737,0.48254773,0.51158315,0.5124332,0.51108557,0.5079765,0.21759763,0.30716562,0.29718024,0.3165818,0.31727746,0.19594036,0.19036005,0.5348896,0.5331932,0.7315821,0.72498274,0.9302844,0.91540694,0
0.4495735,0.4621223,0.45032597,0.58146346,0.5821285,0.5727543,0.5694766,0.4690134,0.47213757,0.5118133,0.51542735,0.5063051,0.5101074,0.7869474,0.6913838,0.69027257,0.6761958,0.67973495,0.79722774,0.808395,0.4636038,0.46695969,0.26870364,0.25501126,0.08005352,0.0751042,0
0.49655652,0.48440337,0.48149234,0.6144894,0.6426503,0.6093467,0.62742066,0.48609716,0.48489508,0.53245306,0.554257,0.5555282,0.57267016,0.7754821,0.71074474,0.6977796,0.7009093,0.7005652,0.7953342,0.7909662,0.49386677,0.49248922,0.318928,0.3085872,0.13429259,0.12595215,0
0.4939501,0.48371512,0.48483002,0.6223985,0.60579467,0.6310997,0.6037872,0.48827145,0.48887485,0.54997206,0.53951335,0.55832565,0.5528041,0.22289994,0.30757004,0.2830459,0.2970892,0.2798997,0.25991467,0.21397637,0.50233275,0.49725622,0.6881058,0.68618387,0.8593006,0.8565754,0
0.43984765,0.41537222,0.42342457,0.55068594,0.57824236,0.5605279,0.5778697,0.40468845,0.41060624,0.45834637,0.46768832,0.48321876,0.49340793,0.8617522,0.7632374,0.76639545,0.7517933,0.74782395,0.865942,0.87077785,0.5242173,0.5237161,0.32234037,0.31969908,0.13177478,0.12205618,0
0.44084585,0.41015646,0.41435623,0.57616866,0.56242555,0.57413846,0.5687176,0.4157054,0.41160244,0.46819133,0.4668126,0.49975258,0.49545616,0.14034525,0.2391425,0.2289134,0.24823892,0.24262922,0.12184681,0.1233082,0.4679646,0.4674846,0.6667495,0.6642571,0.87386394,0.86418456,0
0.58536255,0.5756056,0.6046685,0.7015194,0.6805196,0.7030206,0.69793624,0.5932446,0.6001785,0.61669195,0.6211723,0.6079116,0.6164497,0.23220305,0.34536386,0.2714921,0.35740286,0.3033358,0.25459498,0.23383002,0.50664055,0.49405563,0.6615616,0.6195388,0.787451,0.7373371,0
0.5888113,0.59613085,0.575349,0.68221235,0.6973316,0.695657,0.7031181,0.5835088,0.59059536,0.6025549,0.6190888,0.5932212,0.6094361,0.76859176,0.72765326,0.6482634,0.7094688,0.6324439,0.74681705,0.7218137,0.49916196,0.47367722,0.36398333,0.34523284,0.26667747,0.20106111,0
0.47994924,0.4238637,0.43246907,0.57796264,0.61160624,0.57972157,0.60979056,0.4651966,0.47444123,0.49509832,0.50362,0.50110763,0.50671685,0.91082335,0.75975204,0.7890197,0.71619153,0.7269441,0.8414376,0.88156,0.5236916,0.5272359,0.28362906,0.2784893,0.09462291,0.07475318,0
0.4821815,0.4381114,0.42413783,0.60786,0.58343315,0.6082946,0.5767753,0.4715448,0.45919654,0.49157235,0.49185443,0.5084008,0.50402844,0.09481075,0.19603777,0.2301505,0.26245108,0.28250965,0.1257976,0.15363923,0.47362444,0.4814195,0.7175559,0.72450423,0.92036,0.9105861,0
0.5807611,0.5565481,0.52840745,0.71454567,0.66614324,0.7002108,0.66586006,0.5541681,0.5244238,0.610651,0.58338237,0.6318878,0.606929,0.16805916,0.24701145,0.2662704,0.26916915,0.281623,0.15857598,0.16931027,0.48847613,0.48682794,0.6697952,0.66608405,0.85004944,0.83101463,0
0.5814053,0.5227201,0.54861915,0.6466944,0.7140829,0.65588593,0.7005755,0.5348988,0.5506912,0.5818527,0.607896,0.6029828,0.6292536,0.8294045,0.7325319,0.74221057,0.70698225,0.7237291,0.79763025,0.84343064,0.5092291,0.503181,0.3292916,0.31784227,0.1680139,0.13885269,0
0.48794433,0.48367962,0.47725052,0.67773414,0.64894605,0.6569604,0.63826084,0.5144475,0.5106717,0.57451075,0.5715822,0.5965641,0.58511806,0.13237372,0.27572316,0.26318982,0.26617005,0.26717433,0.1288253,0.1458605,0.5571415,0.5509336,0.75653064,0.7553067,0.9583911,0.9314711,0
0.4716547,0.47558412,0.47822636,0.6449903,0.6732253,0.6363227,0.6561912,0.5218996,0.5245883,0.5732673,0.5777409,0.5927248,0.5929147,0.86417603,0.7292769,0.7227615,0.7275881,0.7315776,0.8468806,0.8658077,0.44121742,0.44288728,0.2477957,0.24060118,0.052372895,0.04493214,0
0.5127283,0.4927362,0.5049036,0.63553417,0.6519604,0.6345043,0.6423305,0.5121153,0.51932794,0.558031,0.5740955,0.5881293,0.5988972,0.8418714,0.7396965,0.7534423,0.7258186,0.73804617,0.7875565,0.8123019,0.52817297,0.53006035,0.3059886,0.3082433,0.14155795,0.12318106,0
0.5145107,0.50713193,0.4870422,0.6514648,0.63594306,0.6410904,0.6143536,0.5207218,0.5068478,0.56874436,0.5535023,0.6040024,0.5770041,0.15329798,0.24132043,0.26842505,0.25222594,0.27173758,0.21731214,0.2519865,0.4639513,0.47311056,0.68857855,0.6884486,0.8840345,0.85604393,0
0.4931392,0.47362143,0.48665687,0.6075758,0.6336676,0.6015264,0.6288737,0.4982804,0.51116955,0.536826,0.56043327,0.54476964,0.5743092,0.8727027,0.7571882,0.7572691,0.73471665,0.73895395,0.8402025,0.84229505,0.5221082,0.5185274,0.319357,0.3017833,0.13928458,0.10674767,0
0.49271387,0.49090338,0.4742212,0.6350768,0.6114416,0.624895,0.60486364,0.5094687,0.49504215,0.55403525,0.5427768,0.56719923,0.54926103,0.12396619,0.23536263,0.24706626,0.25454956,0.26374823,0.14132282,0.16523652,0.47646564,0.47783148,0.676573,0.6763615,0.8894183,0.84177256,0
0.47348794,0.4450097,0.438119,0.5583569,0.5743314,0.5483854,0.56538063,0.45724595,0.46843022,0.47555932,0.4999623,0.47428355,0.5013697,0.80898833,0.7256836,0.70277095,0.69061446,0.6754636,0.8038746,0.79889584,0.4949443,0.48465973,0.30883384,0.30176693,0.14304934,0.12144092,0
0.47332603,0.4460309,0.43344557,0.57406247,0.55619,0.5587421,0.54927814,0.46264118,0.4507191,0.49393845,0.4753635,0.5033242,0.4830284,0.19920912,0.2958383,0.2706625,0.32461637,0.3133242,0.20197046,0.20127276,0.5139212,0.5100827,0.6968069,0.69401276,0.8736722,0.8582797,0
0.5537913,0.52312744,0.5124795,0.6674528,0.6357595,0.6600602,0.64861107,0.51124775,0.5028485,0.5694529,0.5622869,0.5924729,0.5780169,0.1911922,0.2884755,0.27530476,0.313991,0.3186215,0.22596297,0.25398347,0.5296571,0.5229392,0.72194767,0.7190412,0.9218866,0.8899302,0
0.5512543,0.52450824,0.52120084,0.6517259,0.6887664,0.6466141,0.663615,0.5088502,0.5107006,0.562938,0.5698105,0.5835587,0.5832146,0.80427873,0.71669936,0.7093123,0.68995064,0.68418264,0.78211683,0.78847325,0.47722143,0.4691493,0.27480194,0.26994318,0.09739031,0.07888529,0
0.49684072,0.4894749,0.48125538,0.60920477,0.59398216,0.6475896,0.63870025,0.5112682,0.5073835,0.5521388,0.5503499,0.56548303,0.56237864,0.23348044,0.2950968,0.30299914,0.30050677,0.30314904,0.2877535,0.29211712,0.5028466,0.50678325,0.62115395,0.62700033,0.791578,0.78874767,0
0.49512488,0.48167643,0.48343608,0.5839238,0.59497327,0.6157976,0.6271953,0.50373715,0.50093955,0.55205953,0.5533438,0.5595559,0.5641488,0.7748178,0.70042384,0.7078621,0.68644345,0.69187677,0.787207,0.78725314,0.5051708,0.5037677,0.36780906,0.37762958,0.20687559,0.20331621,0
0.5294069,0.4668662,0.4667682,0.6093941,0.6290138,0.6105644,0.6265547,0.4923105,0.49260414,0.52646303,0.5275903,0.54143745,0.54419327,0.8508398,0.729323,0.730288,0.6721777,0.6643728,0.7975108,0.8041429,0.48379338,0.47856724,0.28286606,0.2786857,0.0831435,0.074110515,0
0.5306028,0.46721822,0.460129,0.619043,0.61528224,0.62366235,0.60883725,0.4935897,0.4876619,0.5315765,0.5283786,0.5485869,0.5389325,0.16160959,0.26002008,0.25851297,0.33387685,0.3264818,0.19889385,0.20057939,0.5121615,0.5080166,0.72222674,0.726051,0.93341464,0.91038984,0
0.51499903,0.51240414,0.48666653,0.6395868,0.66549164,0.6487902,0.65241885,0.48491403,0.4792586,0.53576267,0.53854775,0.5635627,0.5667199,0.8669779,0.7698723,0.69401807,0.7248694,0.6197533,0.7793479,0.75855684,0.47640812,0.46640396,0.2917266,0.27206665,0.13402769,0.100140095,0
0.5155494,0.4877553,0.510563,0.6690485,0.63069755,0.6600692,0.64284766,0.47730598,0.47720048,0.54204917,0.5356563,0.56975126,0.5578724,0.12963092,0.30091435,0.23109993,0.37032783,0.28850478,0.23459098,0.22589612,0.532732,0.50274837,0.71620363,0.7059144,0.8987756,0.8530104,0
0.534829,0.46582806,0.4827759,0.57715124,0.6270527,0.60357183,0.63084286,0.46586502,0.4946258,0.4957131,0.5225917,0.49339435,0.5142022,0.83877623,0.7630185,0.71641564,0.7269015,0.6364046,0.7801608,0.78338164,0.4995597,0.479702,0.324041,0.27640435,0.1779542,0.092783414,0
0.52385134,0.49498302,0.47363704,0.6317643,0.58359337,0.63129854,0.6077535,0.49036646,0.46079096,0.5279801,0.5011053,0.5200447,0.50402653,0.16403943,0.28483394,0.23233174,0.35229465,0.29036576,0.19846442,0.1957219,0.5231788,0.49616218,0.7231039,0.6977112,0.8974588,0.8355975,0
0.5395573,0.50676334,0.47315097,0.6429441,0.59050214,0.6352978,0.6042398,0.4061544,0.3839899,0.46992934,0.45716614,0.51763296,0.50608873,0.20804214,0.27649862,0.28254116,0.26196578,0.27405652,0.15740573,0.17455477,0.5350066,0.5328656,0.71080506,0.71767664,0.880301,0.86015284,1
0.5270692,0.46698964,0.49527758,0.568683,0.63785845,0.6053673,0.63343716,0.38298416,0.40214413,0.45209703,0.4741765,0.50091577,0.5262742,0.7834122,0.7191738,0.7085346,0.70979273,0.72198033,0.80484813,0.81354564,0.46518278,0.46179995,0.2787255,0.27432692,0.1368792,0.11268665,1
0.5312784,0.5249113,0.5076049,0.65992284,0.63193613,0.66533005,0.6416967,0.500675,0.48807758,0.5668421,0.53505623,0.6064854,0.5596677,0.19953415,0.28704593,0.30683225,0.29269964,0.31353354,0.20105587,0.22446412,0.54456604,0.5369505,0.71516013,0.7046818,0.89570826,0.85852134,1
0.5283145,0.5165552,0.5188799,0.6444597,0.6770195,0.63765144,0.6535265,0.49424407,0.500102,0.5395629,0.5622881,0.5711787,0.60503674,0.8030505,0.68764424,0.70503986,0.68833226,0.7163931,0.7847053,0.7931387,0.46720526,0.46188247,0.2866144,0.28045818,0.12904103,0.09555435,1
0.4882525,0.44000363,0.3898351,0.6105573,0.52390313,0.6030567,0.5653666,0.4228832,0.3912407,0.5075283,0.46737573,0.5533403,0.49981758,0.19149351,0.2480369,0.2641391,0.23638217,0.26399678,0.12480484,0.14193627,0.5221693,0.5290246,0.73809636,0.73317933,0.9369504,0.8976109,1
0.48454475,0.39498588,0.43469435,0.53432214,0.61181515,0.55689824,0.6019899,0.39676222,0.4226782,0.47134185,0.51216877,0.5017961,0.5543333,0.8126366,0.7324586,0.7418553,0.7359006,0.7593044,0.8456631,0.86971545,0.47195205,0.4766819,0.25578362,0.245458,0.0983923,0.05349098,1
0.6655246,0.5890585,0.5662615,0.7211542,0.671932,0.702331,0.6765864,0.45184883,0.42575073,0.5873424,0.5668566,0.68971795,0.64146054,0.28730446,0.2959805,0.29954278,0.2436305,0.25701714,0.16658111,0.15473892,0.50922245,0.50734985,0.6962031,0.7015433,0.8717326,0.81964964,1
0.67281574,0.5680401,0.5923122,0.66068244,0.71965665,0.6904535,0.70251054,0.4350949,0.46063966,0.56204575,0.5891768,0.63336664,0.6793114,0.71203244,0.69032884,0.70342225,0.7212311,0.7481003,0.81589484,0.8231742,0.49538755,0.4923324,0.31109655,0.31801212,0.16618578,0.12839833,1
0.6181815,0.55418897,0.56370723,0.69073385,0.7214271,0.69743717,0.72917306,0.3851059,0.39197665,0.5202894,0.5284448,0.61093354,0.6300393,0.84981394,0.73852146,0.75351304,0.7250843,0.73800504,0.83943474,0.86156034,0.51189256,0.5143677,0.3254073,0.32043096,0.14951716,0.12705263,1
0.6222702,0.5598537,0.5519146,0.72316694,0.6918961,0.73339796,0.698178,0.39154208,0.3817174,0.5262612,0.5145398,0.63461494,0.6080892,0.14340168,0.24163559,0.25368494,0.25914878,0.2795723,0.1402151,0.1720373,0.48071617,0.48140657,0.6695225,0.6656615,0.87208194,0.83909607,1
0.37441778,0.31119543,0.30101895,0.44834304,0.427014,0.4550172,0.43404204,0.22181903,0.21722572,0.31990796,0.3124758,0.3947266,0.38484642,0.19247642,0.24511784,0.24937731,0.20721596,0.21482289,0.105651945,0.112852514,0.4895843,0.49451113,0.6614305,0.66680634,0.86597914,0.8270023,1
0.37880528,0.3088719,0.30720878,0.42744932,0.44627213,0.4270323,0.452049,0.22356515,0.23068166,0.3123229,0.32794118,0.36755848,0.39289054,0.8095083,0.7439102,0.75116724,0.7725525,0.784995,0.87961566,0.89351904,0.49021766,0.49260354,0.32586098,0.32206243,0.17385846,0.14048102,1
0.5913047,0.50308347,0.48387522,0.66367674,0.6443498,0.6703531,0.6437119,0.346681,0.34094834,0.50329816,0.5051178,0.5850159,0.5929347,0.22755766,0.2704332,0.2846763,0.23799393,0.25178796,0.12262436,0.12389144,0.5623736,0.5570264,0.7497868,0.7377982,0.9713952,0.9470939,1
0.5900574,0.4883927,0.49264717,0.64416677,0.667185,0.6415247,0.6645229,0.35724598,0.35404074,0.50699365,0.49512285,0.5914303,0.5872557,0.76621836,0.71022785,0.7206336,0.742768,0.75372016,0.87496877,0.8820621,0.44590718,0.44147462,0.26592088,0.25322253,0.04100318,0.02527655,1
0.6138949,0.5377085,0.54862463,0.64255834,0.6540102,0.6301974,0.64141405,0.4227355,0.4397716,0.5041901,0.5140182,0.56470466,0.5792679,0.6435602,0.62050563,0.6241187,0.6344005,0.63769627,0.7464982,0.74510044,0.4160379,0.4183881,0.28090012,0.27941993,0.19034943,0.17615406,1
0.61972094,0.55738807,0.52632034,0.6581092,0.631912,0.6385443,0.62121236,0.4377836,0.41899094,0.5181563,0.5061126,0.5739329,0.5670224,0.36669004,0.38204437,0.37608522,0.35529062,0.35338563,0.24317819,0.2493701,0.5937306,0.5931108,0.7144042,0.7193644,0.81743544,0.8001511,1
0.51666784,0.48464403,0.48288235,0.5737666,0.5675391,0.5780678,0.5794101,0.44442663,0.4412758,0.5139418,0.51125824,0.54644036,0.54558843,0.30655438,0.35222095,0.35557267,0.34961724,0.35512933,0.2892493,0.32673365,0.532029,0.5385171,0.65765727,0.6659857,0.763481,0.7644116,1
0.5174961,0.48680612,0.49253199,0.5552027,0.57391036,0.5479767,0.56894946,0.43350518,0.436736,0.5025419,0.51695657,0.54588544,0.55829704,0.6816434,0.6467254,0.6358769,0.64821875,0.64941037,0.71379876,0.71005833,0.47067845,0.47111827,0.32312387,0.3224125,0.23249029,0.22879156,1
0.57632476,0.46878284,0.478527,0.63264894,0.6231904,0.6329297,0.62657416,0.40096843,0.4027866,0.5210948,0.5243921,0.56363714,0.5605916,0.21509227,0.2625378,0.26972574,0.24696428,0.25135544,0.13624181,0.14170294,0.508242,0.5107056,0.69053614,0.70277965,0.87801427,0.873194,1
0.575858,0.47551212,0.46258682,0.62890804,0.6383053,0.62391496,0.6327991,0.41275832,0.40323138,0.52054393,0.519143,0.56458855,0.5662239,0.7716894,0.73149216,0.7323203,0.74535483,0.74206185,0.8519834,0.8612789,0.49605903,0.49377364,0.29990244,0.29725954,0.11904994,0.10935118,1
0.52347624,0.47683448,0.45064637,0.6288954,0.58687043,0.6195749,0.5882924,0.384737,0.3673876,0.483375,0.4691947,0.5610545,0.52528197,0.1865961,0.25582695,0.2698117,0.238075,0.2542497,0.12826303,0.13406943,0.5232929,0.5262844,0.7386495,0.7411628,0.9255148,0.89689994,1
0.51884454,0.44381374,0.47298533,0.5825037,0.6329165,0.59089386,0.62122005,0.36179948,0.38394403,0.46520633,0.4916807,0.52138954,0.5523027,0.80901974,0.7241609,0.73621523,0.7389757,0.7575468,0.85465133,0.8730497,0.47792596,0.4803388,0.24668013,0.24627638,0.094405726,0.06645202,1
0.5495717,0.4589523,0.43496478,0.5981345,0.56058764,0.5899616,0.55160666,0.41348135,0.39729378,0.50397766,0.4856273,0.542869,0.5140475,0.25855,0.2534558,0.2501739,0.22786944,0.22875503,0.12522018,0.12316856,0.52232707,0.52247536,0.7349064,0.72894657,0.9520411,0.9139991,1
0.5637804,0.44275331,0.44750863,0.56931067,0.60292655,0.5670908,0.59632516,0.40346548,0.4142726,0.49672434,0.5087831,0.5186989,0.5420995,0.7463324,0.7400474,0.7469739,0.7534238,0.7562156,0.86575174,0.8741518,0.47525853,0.47731453,0.25056013,0.24984053,0.07441579,0.048524268,1
0.48526034,0.4465031,0.41340512,0.5883808,0.55818903,0.5856706,0.55879575,0.43368506,0.41880652,0.54035246,0.52010113,0.5255866,0.5103943,0.16891335,0.25164068,0.26652065,0.22577381,0.24161461,0.12486913,0.13207376,0.52237344,0.5278379,0.7232084,0.71536934,0.94536066,0.9111426,1
0.4835603,0.41518527,0.4319269,0.5507541,0.58675873,0.5526969,0.5841756,0.41451275,0.42918155,0.51978123,0.5493198,0.5067842,0.5266981,0.82325095,0.7319548,0.7384476,0.751214,0.75955886,0.8688421,0.8765836,0.46716508,0.46774733,0.2705755,0.26789418,0.07845616,0.05356441,1
0.5152211,0.4724406,0.47805795,0.6213954,0.6378144,0.62370443,0.6399359,0.4299768,0.43387258,0.5082658,0.5122253,0.5614249,0.56838024,0.8593627,0.74726504,0.75623506,0.7666662,0.7741978,0.8883885,0.8996849,0.5106768,0.5121066,0.291763,0.28425974,0.08709645,0.07685544,1
0.50798726,0.4838074,0.47063726,0.634979,0.6179912,0.64079386,0.6184084,0.434094,0.42697215,0.51646006,0.5118391,0.57362515,0.55808383,0.13837442,0.23864375,0.24646042,0.22071443,0.23181143,0.11332764,0.12103936,0.47885597,0.483725,0.7084896,0.7141297,0.9236943,0.90460175,1
0.5800545,0.5049602,0.48158085,0.6400815,0.6212897,0.6301912,0.61624044,0.41837972,0.40662324,0.5554209,0.54301775,0.57005906,0.562515,0.19760448,0.23859958,0.23686019,0.21904963,0.21722627,0.12432912,0.11721507,0.49109966,0.4905773,0.6852038,0.6752903,0.8737785,0.8337011,1
0.55877477,0.47272646,0.4831125,0.5961001,0.6378734,0.60194886,0.6270551,0.40816522,0.41628024,0.53218347,0.55461884,0.54661256,0.56949955,0.79326844,0.75477886,0.76195097,0.76673615,0.774441,0.86833256,0.8761977,0.49748856,0.49427766,0.33342966,0.3085397,0.17900106,0.12855855,1
0.44737825,0.47957903,0.51507914,0.5616813,0.6022036,0.6019746,0.63062733,0.62935823,0.65419954,0.5254183,0.55209386,0.65838295,0.6422187,0.341912,0.41284892,0.30083215,0.4025417,0.30023646,0.36191103,0.30080092,0.44819033,0.36925396,0.43898612,0.34703118,0.42221332,0.3437713,2
0.4441212,0.51668984,0.4770919,0.59600925,0.55264264,0.6458762,0.6045774,0.6558503,0.6241957,0.55948496,0.52444845,0.65313506,0.657405,0.6482935,0.6980707,0.58669937,0.7006089,0.5793011,0.70475864,0.63582903,0.60430527,0.5232239,0.6477923,0.56618017,0.5766032,0.55812645,2
0.083836526,0.17948335,0.17157492,0.29792237,0.30617595,0.30232367,0.27101746,0.42256498,0.4236762,0.63321614,0.65252674,0.845354,0.71842396,0.57068527,0.48697323,0.5323025,0.39463803,0.52958196,0.53140485,0.578917,0.49260342,0.49408305,0.57603025,0.4334043,0.6090494,0.2545504,2
0.0856676,0.17252664,0.16839626,0.31761593,0.30026793,0.27198583,0.29919076,0.42159295,0.4174204,0.64770865,0.6346017,0.72169274,0.8358705,0.42215705,0.46934983,0.5101675,0.48019764,0.58967376,0.4071215,0.54994,0.50196385,0.5118256,0.5616336,0.42617497,0.75230473,0.38775477,2
0.23674868,0.30799067,0.30681324,0.4296165,0.456982,0.51640844,0.5750656,0.538548,0.5466647,0.7319341,0.54781663,0.6901045,0.75307,0.47822493,0.44315082,0.3696307,0.43618602,0.34700096,0.45502657,0.35619414,0.41598076,0.38652202,0.32968217,0.57082236,0.16487548,0.54502153,2
0.23520797,0.30189824,0.30354625,0.4486483,0.43371853,0.57564604,0.5628005,0.5487859,0.5365522,0.74003637,0.5508364,0.68753743,0.7513704,0.51831675,0.621084,0.555176,0.65959007,0.60267663,0.64235973,0.6058029,0.6087738,0.5728104,0.6626791,0.42837533,0.8245497,0.4560661,2
0.30292875,0.34250078,0.35331553,0.4516303,0.4524147,0.48265612,0.49546498,0.5493504,0.5495059,0.50214416,0.4833098,0.6710421,0.62557805,0.5359168,0.6583869,0.5185319,0.6472498,0.48697114,0.5210661,0.4793861,0.67931724,0.5833398,0.65923,0.45470068,0.6022478,0.381669,2
0.29913083,0.35465956,0.34745806,0.45701504,0.4611568,0.48090923,0.49184176,0.535723,0.53488505,0.49491417,0.49792525,0.6308329,0.663937,0.4591955,0.46933028,0.33717102,0.5090112,0.3548727,0.5169878,0.4859566,0.4082008,0.31767872,0.5403809,0.34624106,0.62077284,0.39640915,2
0.17701203,0.2428234,0.24246089,0.3661341,0.3576239,0.46494517,0.35999256,0.49181578,0.498006,0.649295,0.65253425,0.80622876,0.81001747,0.5242956,0.5799214,0.40988463,0.6203224,0.35401267,0.64457047,0.4115365,0.5517744,0.46324846,0.55604,0.47086522,0.56893206,0.48621616,2
0.17214541,0.24901703,0.24746835,0.36095664,0.36541998,0.36525452,0.46251974,0.5011313,0.4921394,0.64923453,0.6437514,0.80299866,0.81174445,0.46811506,0.57639754,0.41262716,0.63382107,0.37203586,0.5754999,0.34986824,0.5295218,0.43774316,0.5189458,0.42938167,0.50452113,0.41962337,2
0.34112486,0.27843484,0.38998634,0.2823648,0.49216342,0.38632244,0.6391701,0.5012889,0.5284265,0.48099852,0.5135033,0.68952215,0.68491614,0.5508694,0.6867081,0.5649635,0.79261744,0.5502919,0.78737754,0.5192831,0.7444297,0.6411258,0.79944056,0.54831576,0.8071801,0.50937074,2
0.33667576,0.40559947,0.2861904,0.53350234,0.30364195,0.67889446,0.39412874,0.545856,0.52221847,0.53034705,0.47712514,0.6928762,0.6729943,0.440971,0.4285829,0.3025509,0.4442963,0.19381098,0.48890132,0.20700549,0.34432873,0.2521292,0.45506263,0.2123202,0.4823185,0.18342334,2
0.32885993,0.37151557,0.37450945,0.4942071,0.51365536,0.58962214,0.62356305,0.57930034,0.5808135,0.7675814,0.65130544,0.73699325,0.8115809,0.53696585,0.4935205,0.4320714,0.47482562,0.4118672,0.47320506,0.43119392,0.44066924,0.4067484,0.42412683,0.5696879,0.27885455,0.5128044,2
0.3287195,0.37706697,0.3719042,0.5140968,0.48214075,0.62229836,0.5869784,0.57533264,0.5739523,0.6604276,0.77327454,0.82248664,0.7384829,0.45629138,0.5655159,0.49251863,0.57516986,0.502139,0.5440906,0.5148759,0.5650955,0.53551054,0.42970246,0.5817946,0.49033654,0.7291502,2
0.315745,0.31213534,0.32615972,0.3990532,0.44577444,0.46981916,0.48204684,0.50812554,0.52456844,0.4239286,0.4348765,0.6322733,0.6761806,0.4798251,0.5646314,0.4136953,0.6964421,0.40558466,0.59358656,0.53879327,0.5456112,0.44188428,0.68818563,0.42242604,0.7215032,0.5278684,2
0.30587977,0.31825,0.3132257,0.44242483,0.39949962,0.47001582,0.46513033,0.537582,0.5341199,0.44947633,0.4290659,0.67643344,0.64107275,0.52212363,0.5879855,0.43124127,0.5999732,0.30801046,0.4551452,0.3660012,0.55286056,0.45344394,0.59389734,0.30104876,0.45718345,0.26841465,2
0.14354081,0.20239687,0.20638363,0.29780734,0.284079,0.30827677,0.2271677,0.40844864,0.39816925,0.5711837,0.56529784,0.7127491,0.70552003,0.4634183,0.54212105,0.40918478,0.5550144,0.37659425,0.55556047,0.42590904,0.51659054,0.43324393,0.51082957,0.44866097,0.5064511,0.4513912,2
0.14391533,0.20993915,0.2092515,0.2971782,0.31115988,0.24873713,0.31681886,0.40997943,0.41645917,0.57477283,0.58110005,0.7169108,0.7186093,0.5219941,0.58273375,0.4604349,0.6196599,0.43980262,0.577809,0.43427277,0.5571766,0.47855473,0.553957,0.48488042,0.5391796,0.49324918,2
0.27982464,0.3418795,0.35804734,0.37842488,0.5070717,0.37037775,0.6325846,0.5290514,0.5782877,0.5498011,0.63400507,0.6475692,0.65154153,0.44176257,0.53631735,0.33630466,0.66252345,0.29725724,0.6956906,0.2461283,0.57520354,0.45882758,0.7332286,0.54585224,0.73286855,0.5951891,2
0.2817828,0.3591765,0.33484718,0.51153904,0.3823175,0.6306888,0.35203654,0.5791184,0.53262866,0.6351676,0.38468927,0.6578573,0.6347722,0.55885816,0.66006243,0.47629926,0.7074419,0.36591327,0.74849296,0.2936515,0.53190047,0.42043206,0.45583522,0.26986048,0.36322576,0.25723454,2
0.2725772,0.32318625,0.3304757,0.3459838,0.3556931,0.31571415,0.32349002,0.5115663,0.5274191,0.565315,0.57041466,0.71653295,0.7379586,0.33315337,0.34343407,0.26147634,0.43097085,0.368594,0.5160322,0.4892537,0.36081704,0.28771392,0.48657292,0.46257937,0.46362364,0.4152435,2
0.2717228,0.3342218,0.32110587,0.35105544,0.3354698,0.32160294,0.3209058,0.5217422,0.5141957,0.5695205,0.5593961,0.7379312,0.7176473,0.6549411,0.739218,0.64171433,0.6654289,0.56743294,0.52470976,0.48873794,0.71283185,0.63674325,0.5365933,0.5080907,0.5957992,0.5342052,2
0.15439048,0.26798773,0.26262563,0.43609363,0.4047353,0.44511575,0.39403898,0.5152956,0.5094883,0.6810662,0.69955075,0.90814656,0.9004669,0.46543932,0.585681,0.38243508,0.5851972,0.3392951,0.5093938,0.34734225,0.54500926,0.42477447,0.58909786,0.35131618,0.62840694,0.33246353,2
0.15253769,0.26537707,0.27206755,0.40634248,0.4302264,0.38244325,0.44183433,0.51469195,0.52107275,0.7079208,0.68077266,0.9024937,0.91479075,0.53093785,0.60831165,0.40764093,0.6530117,0.40231046,0.6387907,0.47551054,0.57690936,0.44826257,0.6463033,0.4024461,0.6593415,0.36593086,2
0.13188988,0.17799017,0.28626466,0.27254736,0.53333837,0.39560324,0.7528913,0.38568193,0.39781114,0.60553503,0.6093638,0.88583416,0.89056915,0.5929336,0.6263935,0.41120136,0.6357707,0.437586,0.6428355,0.46750093,0.56891716,0.3851019,0.6708657,0.32933426,0.70850986,0.25840232,2
0.13098079,0.28707072,0.17138901,0.5382583,0.2621217,0.75131625,0.38955826,0.38778818,0.37666488,0.615371,0.6044558,0.88179123,0.88545775,0.394147,0.5809454,0.36764586,0.5428201,0.34310076,0.52019966,0.34596944,0.5958555,0.41725153,0.6568978,0.31328523,0.7279751,0.2784611,2
0.12216683,0.14996582,0.16710202,0.26531854,0.26674882,0.26217377,0.32901466,0.40398797,0.4150551,0.5636469,0.5922359,0.7831086,0.63099074,0.38498577,0.5149117,0.37778658,0.6219053,0.31210855,0.5267246,0.22775027,0.52941465,0.4547395,0.45517167,0.49617088,0.4187783,0.60140437,2
0.30874956,0.37488604,0.34540534,0.48566478,0.418805,0.49046633,0.47863704,0.53606063,0.5358804,0.5423943,0.5436876,0.70783347,0.7207388,0.47250974,0.521345,0.38494474,0.5291438,0.32540393,0.44252908,0.3653772,0.4785894,0.39546725,0.53033674,0.31338847,0.46330306,0.32683766,2
0.3091927,0.34573182,0.3810557,0.4195376,0.47719738,0.48509702,0.49366233,0.5276222,0.53905463,0.54243803,0.53117114,0.72321415,0.7183332,0.52605563,0.6142329,0.47729284,0.6672062,0.46754715,0.61838394,0.54980135,0.5971794,0.5165142,0.68395233,0.46544623,0.6688992,0.5355993,2
0.3453214,0.43649727,0.3853564,0.56020176,0.47420907,0.58332235,0.569528,0.6447016,0.62485284,0.65099573,0.42508265,0.67760336,0.5801753,0.3859058,0.50134516,0.37824413,0.39572763,0.29717475,0.21529123,0.21992218,0.52957106,0.42605346,0.52228403,0.29825112,0.3050422,0.21297726,2
0.35133418,0.38661167,0.44143483,0.45542395,0.5514887,0.468749,0.593597,0.5956434,0.64096266,0.45344555,0.642493,0.6839215,0.6784352,0.6022655,0.60967326,0.4938049,0.710576,0.6039934,0.84094965,0.77400273,0.58402646,0.4933508,0.735598,0.47137377,0.7218994,0.7039211,2
